{
  "summary_statistics": {
    "baseline": {
      "answer_relevancy": {
        "mean": 0.7662474083601538,
        "std": 0.42855548352300216,
        "min": 0.0,
        "max": 0.9754653198256141
      },
      "faithfulness": {
        "mean": 0.7931494920174165,
        "std": 0.44346843791392704,
        "min": 0.0,
        "max": 1.0
      },
      "context_recall": {
        "mean": 0.0,
        "std": 0.0,
        "min": 0.0,
        "max": 0.0
      },
      "context_precision": {
        "mean": 0.0,
        "std": 0.0,
        "min": 0.0,
        "max": 0.0
      },
      "answer_correctness": {
        "mean": 0.49608140637674863,
        "std": 0.16097433357572155,
        "min": 0.22048279493986586,
        "max": 0.6361921540060296
      },
      "latency_ms": {
        "mean": 14620.684289932251,
        "std": 3871.0045745729467,
        "min": 9447.97134399414,
        "max": 19759.57679748535
      }
    },
    "dense_embedding": {
      "answer_relevancy": {
        "mean": 0.9727849746080779,
        "std": 0.022219277955455193,
        "min": 0.9451460287416089,
        "max": 0.9999999999999999
      },
      "faithfulness": {
        "mean": 0.9272727272727274,
        "std": 0.13861773347251735,
        "min": 0.6818181818181818,
        "max": 1.0
      },
      "context_recall": {
        "mean": 0.5247058823529411,
        "std": 0.44032073871347066,
        "min": 0.0,
        "max": 1.0
      },
      "context_precision": {
        "mean": 0.7893562609988237,
        "std": 0.44186488477374014,
        "min": 0.0,
        "max": 0.99999999999
      },
      "answer_correctness": {
        "mean": 0.6178038050242207,
        "std": 0.26439556491722266,
        "min": 0.388779850154301,
        "max": 0.9957240612457204
      },
      "latency_ms": {
        "mean": 4683.442687988281,
        "std": 3379.2236073371587,
        "min": 1953.010082244873,
        "max": 8910.091876983643
      }
    },
    "hybrid_search": {
      "answer_relevancy": {
        "mean": 0.9794111580641532,
        "std": 0.020781435656863436,
        "min": 0.9536287083616749,
        "max": 1.0000000000000009
      },
      "faithfulness": {
        "mean": 0.9843137254901961,
        "std": 0.03507557611764378,
        "min": 0.9215686274509803,
        "max": 1.0
      },
      "context_recall": {
        "mean": 0.6752380952380952,
        "std": 0.38940619949946453,
        "min": 0.0,
        "max": 1.0
      },
      "context_precision": {
        "mean": 0.7893562609988237,
        "std": 0.44186488477374014,
        "min": 0.0,
        "max": 0.99999999999
      },
      "answer_correctness": {
        "mean": 0.6346825073039966,
        "std": 0.258010431871078,
        "min": 0.35809403700399867,
        "max": 0.987940768465539
      },
      "latency_ms": {
        "mean": 4677.0941734313965,
        "std": 3392.309448612347,
        "min": 1574.096918106079,
        "max": 9128.505945205688
      }
    },
    "graph_only": {
      "answer_relevancy": {
        "mean": 0.5512453913432137,
        "std": 0.5032348199024828,
        "min": 0.0,
        "max": 0.9231602184980093
      },
      "faithfulness": {
        "mean": 0.6929934640522875,
        "std": 0.2881488703004458,
        "min": 0.38,
        "max": 1.0
      },
      "context_recall": {
        "mean": 0.38414634146341464,
        "std": 0.4620084570613321,
        "min": 0.0,
        "max": 1.0
      },
      "context_precision": {
        "mean": 0.3393253968165838,
        "std": 0.38293384528601465,
        "min": 0.0,
        "max": 0.7823412698314905
      },
      "answer_correctness": {
        "mean": 0.5567485043748358,
        "std": 0.2524306524693692,
        "min": 0.21065246925661163,
        "max": 0.8426986520459305
      },
      "latency_ms": {
        "mean": 3289.320707321167,
        "std": 2670.5824941045175,
        "min": 980.7751178741455,
        "max": 7011.826753616333
      }
    },
    "hybrid_rag": {
      "answer_relevancy": {
        "mean": 0.7679702244368242,
        "std": 0.42983323829564735,
        "min": 0.0,
        "max": 0.9962557604315441
      },
      "faithfulness": {
        "mean": 0.939081848384174,
        "std": 0.06603028671057555,
        "min": 0.8571428571428571,
        "max": 1.0
      },
      "context_recall": {
        "mean": 0.8474331550802139,
        "std": 0.09467536505149383,
        "min": 0.75,
        "max": 1.0
      },
      "context_precision": {
        "mean": 0.6915308641790759,
        "std": 0.3215205567137742,
        "min": 0.14285714284285714,
        "max": 0.9467813051041186
      },
      "answer_correctness": {
        "mean": 0.8048661256464801,
        "std": 0.15685653771597274,
        "min": 0.5998744882321987,
        "max": 0.9895198780716643
      },
      "latency_ms": {
        "mean": 4807.992839813232,
        "std": 2671.2120562970335,
        "min": 2206.1941623687744,
        "max": 8651.49188041687
      }
    },
    "reranked_dense": {
      "answer_relevancy": {
        "mean": 0.7733093067095067,
        "std": 0.4328263783032443,
        "min": 0.0,
        "max": 0.9962557604315441
      },
      "faithfulness": {
        "mean": 0.9595959595959596,
        "std": 0.055784651601955886,
        "min": 0.8888888888888888,
        "max": 1.0
      },
      "context_recall": {
        "mean": 0.6184766584766586,
        "std": 0.39875334712026267,
        "min": 0.0,
        "max": 1.0
      },
      "context_precision": {
        "mean": 0.799999999976,
        "std": 0.44721359548654155,
        "min": 0.0,
        "max": 0.99999999999
      },
      "answer_correctness": {
        "mean": 0.669200569492825,
        "std": 0.2897317402541881,
        "min": 0.21278379775506692,
        "max": 0.9962646677888058
      },
      "latency_ms": {
        "mean": 4945.372819900513,
        "std": 3772.8445851939296,
        "min": 1902.453899383545,
        "max": 9246.385335922241
      }
    },
    "reranked_hybrid": {
      "answer_relevancy": {
        "mean": 0.7707480811196097,
        "std": 0.4311240925764381,
        "min": 0.0,
        "max": 0.983802042672009
      },
      "faithfulness": {
        "mean": 0.8712237583205326,
        "std": 0.10560307368393838,
        "min": 0.75,
        "max": 1.0
      },
      "context_recall": {
        "mean": 0.9214973262032086,
        "std": 0.0906629256009682,
        "min": 0.8,
        "max": 1.0
      },
      "context_precision": {
        "mean": 0.8752083333127683,
        "std": 0.2569354822008688,
        "min": 0.4166666666458333,
        "max": 0.99999999999
      },
      "answer_correctness": {
        "mean": 0.8907217783850025,
        "std": 0.1421115751705819,
        "min": 0.7222548681493097,
        "max": 0.9972964194944584
      },
      "latency_ms": {
        "mean": 5242.336940765381,
        "std": 2253.1870824337548,
        "min": 2576.3022899627686,
        "max": 7262.478351593018
      }
    }
  },
  "approach_comparison": {
    "answer_relevancy": {
      "baseline": 0.7662474083601538,
      "dense_embedding": 0.9727849746080779,
      "graph_only": 0.5512453913432137,
      "hybrid_rag": 0.7679702244368242,
      "hybrid_search": 0.9794111580641532,
      "reranked_dense": 0.7733093067095067,
      "reranked_hybrid": 0.7707480811196097
    },
    "faithfulness": {
      "baseline": 0.7931494920174165,
      "dense_embedding": 0.9272727272727274,
      "graph_only": 0.6929934640522876,
      "hybrid_rag": 0.939081848384174,
      "hybrid_search": 0.9843137254901961,
      "reranked_dense": 0.9595959595959596,
      "reranked_hybrid": 0.8712237583205326
    },
    "context_recall": {
      "baseline": 0.0,
      "dense_embedding": 0.5247058823529411,
      "graph_only": 0.38414634146341464,
      "hybrid_rag": 0.8474331550802139,
      "hybrid_search": 0.6752380952380952,
      "reranked_dense": 0.6184766584766586,
      "reranked_hybrid": 0.9214973262032086
    },